first_name,last_name,nation
PONGSIRI,SUASAT,THAI
NOPADON ,MISANG,THAI
PASSARAPORN,JIROTRUNGROENGKUL,THAI
WORAWUT,SANGANGAM,THAI
KULPRIYA,KITCHAROEN,THAI
PATTHARAPONG,PIMONSAKONWONG,THAI
KANITTA,SUWANNARAT,THAI
JEDSADAKORN,PANICH,THAI
THITAPORN,KONKONG,THAI
DARUNWAN,THONGKHOENKHUN,THAI
PRAEWNAPA,TEANPANOM,THAI
NATTIDA,SEEBAND,THAI
TOSAPORN,SUKANAN,THAI
NEERACHA,TADAM,THAI
RATCHANON,PROYJAROEN,THAI
WARAPORN,WANDEE,THAI
WARISA,CHAISRISUT,THAI
WEERAPAT,JULLAGATE,THAI
PATINYA,WONGTIM,THAI
PHONGSATORN,SIRIBANJONG,THAI
PIMPIKA,BOONIN,THAI
SITTICHOK,THIANPRAYORT,THAI
KANYAWEE,BOONKOOMYOO,THAI
MONTHON,WANNAPHOP,THAI
PITNITHEE,MARPIJARN,THAI
JATUPORN,HEMRANON,THAI
THANAKORN,PANTHONG,THAI
SURIYA,KENMA,THAI
THODSAPORN,RUTANASOMRUAJ,THAI
MONTIDA,FURATTANA,THAI
RATCHANAT,WIRIYAPONGRAT,THAI
SUPAKIN,SAKUNWA,THAI
WORAPON,TANGSIRIPAT,THAI
TINNAKIT,YEANJAI,THAI
PHONGSATHORN,PHANTHASEN,THAI
ONANONG,CHANWISET,THAI
KITTAWAT,KERDSIRI,THAI
KUNJIRA,DANGJARONE,THAI
NATTAWUT,BUAPONG,THAI
THANAKORN,SORRATHORNCHOTE,THAI
THANYARAT,BOONMEE,THAI
PIYATIDA,POTISUT,THAI
PATTRANIT,STANGTHANAKOM,THAI
RADCHANON,PANPANICH,THAI
WANNAPA,SRIJERMTONG,THAI
SIRADA ,LEKLONG,THAI
SITTINON,KLINMONTHA,THAI
KAWISARA,AUMKHUN,THAI
KHWANCHAI,NONTAWICHIT,THAI
THIDARAT,LOEKCHAMRATSAENG,THAI
THITIWUT,BENJASIRIWAN,THAI
PATTARAKORN,PAMORNCHART,THAI
MUKSUDA,CHOEYSUNTORN,THAI
RUNGSIYA,CHAROENLARP,THAI
WONGSAKORN,SERMSRI,THAI
ARTIT,RATTANAVISETSUT,THAI
KANYARAT,RODTONG,THAI
KITTISAK,NOIDONPRI,THAI
PANDECHA,MAUNGKHOT,THAI
PHATTANAN,CHAWALITSUWAN,THAI
LALITA,CHOENJUNNAWAN,THAI
WINITDA,THONGWONG,THAI
NUTTORN,PORKPIBUL,THAI
FONDAO,SRIWORASA,THAI
PHURK,THEPPITAK,THAI
PHANNITA,KHANTHASON,THAI
PIRIYA,MANYUEN,THAI
RATTAKIT,PUNRAK,THAI
WORAGUN,LUANGON,THAI
KIRATI,PHURIPANYO,THAI
SIRIRAK,RITNGAM,THAI
HATHAICHANOK,KIETPERMSAK,THAI
KUNNATAM,SAELIM,THAI
NATCHA,JITKLANG,THAI
NATTAWAT,IMTHET,THAI
YUTTHAWEE,MONKOSOL,THAI
SITTISAK,SAE-CHUENG,THAI
KERKKIAT,KRAINGAM,THAI
CHOLTHICHA,NAKHOT,THAI
BANTHOON,CHAIPRADITH,THAI
WARANYA,SRICHALALAK,THAI
SOMPRASONG,NGAOSRI,THAI
THANYARAT,SAMOKEAW,THAI
SITTISAK,PROMTARA,THAI
KRITTANAN,MUNMEE,THAI
CHUTINAN,SOSUEPNGAM,THAI
NATCHAPOL,PANYAVIMUT,THAI
NATTAWUT,KOTCHA,THAI
THANAPHAT,KARTSUNGNOEN,THAI
TANATCHAR,BOONKAEW,THAI
NARATIP,PITUCCHUCHOK,THAI
NITI,KHUALAMTHAN,THAI
BANTHITAPRON,SAENGPRASERT,THAI
BENJAPORN,BUALUANG,THAI
PHOSATHON,THAWIWANT,THAI
PIMLAPASPAS,YASAVOOT,THAI
PANUPONG,SONGSERM,THAI
PASAKORN,PONGPANICH,THAI
PUMIN,PANSOD,THAI
TENG,ZEMIN,CHINESE
DAI,ZHELAN,CHINESE
JIN,SHUN,CHINESE
YIN,MENG,CHINESE
HOU,YIN,CHINESE
XIANG,LI,CHINESE
HAN,FEN,CHINESE
XUN,HUA,CHINESE
ZHAO,KUN,CHINESE
SUN,XUE,CHINESE
GENG,HUANG,CHINESE
ZI,LIN,CHINESE
XIAN,ZHELAN,CHINESE
FENG,HUI,CHINESE
FAN,YUHAN,CHINESE
YAN,XINYI,CHINESE
DAI,XINYUE,CHINESE
GUO,GUO,CHINESE
MO,HANYING,CHINESE
WEI,YA,CHINESE
KANG,JIAN,CHINESE
CHEN,KUN,CHINESE
XIONG,PENG,CHINESE
YU,RU,CHINESE
LIN,XIANG,CHINESE
GU,YIN,CHINESE
SHI,PING,CHINESE
BAI,SONG,CHINESE
SHAO,BAO,CHINESE
CHANG,ZEMIN,CHINESE
FAN,ZHEN,CHINESE
ZHENG,RUOGANG,CHINESE
REN,TAO,CHINESE
DONG,YUHAN,CHINESE
HE,JIANHONG,CHINESE
BAI,HUANG,CHINESE
JIANG,TU,CHINESE
ZHANG,AH,CHINESE
ZI,GUANYU,CHINESE
LONG,BAO,CHINESE
LEI,QIGANG,CHINESE
ZHONG,FU,CHINESE
GAO,MING,CHINESE
HUANG,GENGXIN,CHINESE
GU,WEN,CHINESE
HOU,KUN,CHINESE
SHEN,BAO,CHINESE
YAN,DAI,CHINESE
XIONG,SHUI,CHINESE
CAI,LI,CHINESE
HE,JIAN,CHINESE
MAO,ZEXI,CHINESE
GENG,CHAO,CHINESE
FENG,HUA,CHINESE
LI,JIAHAO,CHINESE
DAI,WUHAN,CHINESE
CAI,CHANG,CHINESE
CHEN,HUANG,CHINESE
XU,HUAN,CHINESE
YUAN,AH,CHINESE
CHEN,HUA,CHINESE
KANG,JUAN,CHINESE
YE,XUEGANG,CHINESE
ZI,CHANG,CHINESE
HOU,YAHUI,CHINESE
KONG,LEI,CHINESE
LEI,WEI,CHINESE
ZENG,LING,CHINESE
LAI,GUO,CHINESE
HAN,ZHOU,CHINESE
CHANG,TIAN,CHINESE
KANG,MIN,CHINESE
ZENG,ZEDONG,CHINESE
CHEN,HONG,CHINESE
PAN,SHUN,CHINESE
SHAO,CHAO,CHINESE
ZOU,GENGXIN,CHINESE
LU,FANG,CHINESE
TANG,RONG,CHINESE
KONG,JINGYI,CHINESE
LIAN,FEN,CHINESE
XIAO,JIE,CHINESE
TAN,HAI,CHINESE
YIN,ZHONG,CHINESE
PAN,ZHOU,CHINESE
WANG,LINGXIN,CHINESE
XIE,LI,CHINESE
FU,JINGYI,CHINESE
ZHENG,HUAN,CHINESE
SHAO,QIGANG,CHINESE
JIANG,JIAHAO,CHINESE
HAO,ZHENKANG,CHINESE
XUE,JIANG,CHINESE
QIAN,SHI,CHINESE
HUANG,HANYING,CHINESE
SU,DONG,CHINESE
DU,QIGANG,CHINESE
XU,ZEMIN,CHINESE
WAN,YIJUN,CHINESE
ZI,QIU,CHINESE
